"ImageIndex","Chapter","Map","Source","Destination","SHA256","Status"
"1","1","1","1787760273858_2210334767131197631_g1860709059863148993_3a7f255d3c730d218a0b868a4341dead.jpg","masterdata/chap1/1.jpeg","30FB7B813BD1881B3DC8516922E21340C1A6A4A4A1CCCD13E4C7BCC77152FEB5","added"
"2","1","2","1787760273939_2210334767131197631_g1860709059863148993_c1f3f3586a3da14508bcb8eed8896518.jpg","masterdata/chap1/2.jpeg","D0AFC8D6E20235CC71C8F48E4C296230F4312BD61987FA54937140ADE0C648AC","added"
"3","1","3","1787760274037_2210334767131197631_g1860709059863148993_041a0978b2286bd7d54bed3428d4d38a.jpg","masterdata/chap1/3.jpeg","651AB9DBB07DD129E1258BD01A8F9E77BA7B625C0B8F170A6A9A0B0E7B8E84AC","added"
"4","1","5","1787760274141_2210334767131197631_g1860709059863148993_49648ddd6a8ffe3b48de69c550ae5864.jpg","masterdata/chap1/5.jpeg","F220E1913507EFC80FB786D65DA62973FB0F3C6C0F3273A35DE67E5D84E30E0F","added"
"5","1","6","1787760274240_2210334767131197631_g1860709059863148993_f1043cecbdb635be6a92f75c3eef35cd.jpg","masterdata/chap1/6.jpeg","BE1CF45CFF787D43497B73F29CFDB51590E6646134E855A1DAE2527680270632","added"
"6","1","7","1787760274322_2210334767131197631_g1860709059863148993_3463b348431ad1d398a5d757206784ed.jpg","masterdata/chap1/7.jpeg","0C312B146F9B4DF837FC5BA06BD18BC4B4E1739FDD80684C3B798D24E35A15C8","added"
"7","1","9","1787760274472_2210334767131197631_g1860709059863148993_e66f5d9c9bad027135dfc2b3585fec08.jpg","masterdata/chap1/9.jpeg","8A63F6F62DDB127A4508018550E4439B9811C9730CE177D089D163AD17DA34D3","added"
"8","1","10","1787760274563_2210334767131197631_g1860709059863148993_9a17daa0324231409b39ea1fdb75d305.jpg","masterdata/chap1/10.jpeg","7810EC228C6E49A5D2791E4F79A38907BEFA91D5E3F17F00B09057127F1EE73E","added"
"9","1","11","1787760274662_2210334767131197631_g1860709059863148993_dcaa69df21aa6d206b9074ee9d059015.jpg","masterdata/chap1/11.jpeg","1BB75073F15E0B3E3DEC7E1BA13F844C4F6C8B9D889F888A16C3AEFFC5F20005","added"
"10","1","12","1787760274754_2210334767131197631_g1860709059863148993_eda34489bbe3dfc6e0ddb26c7b825c4b.jpg","masterdata/chap1/12.jpeg","E4BE8DCC39D5566987D06862C705AF40835ED58716B734FD26035C5873FCA270","added"
"11","1","13","1787760274873_2210334767131197631_g1860709059863148993_4e685357bf4a4876e230b1d01c7c5a0f.jpg","masterdata/chap1/13.jpeg","A8282DD0997D4B5D2D4764DEFF11F4BECBC08EC49FC8A831D5891EC7E637E87B","added"
"12","1","14","1787760274972_2210334767131197631_g1860709059863148993_4af1eaba7cc58aba3122ce2da72ed134.jpg","masterdata/chap1/14.jpeg","062D3CC93003B3AD5BCB5EF1FF64114739ED9553D12763E61A079A5027A2627E","added"
"13","1","15","1787760275094_2210334767131197631_g1860709059863148993_0831bc8f2530a9a93b81e2ca1389b1bd.jpg","masterdata/chap1/15.jpeg","1F5935C374DF42C34B65B2FA4F72B4F671486C6004530629B19A9494D4F1A5CF","added"
"14","13","19","1787760275192_2210334767131197631_g1860709059863148993_5ed94427614e3222f9e30fcb7e0bbe5b.jpg","masterdata/chap13/19-2.jpeg","9DF0DA1BF2D38DC30B673C41677BB9CF3B2E9BBBF1AB28E58033163E064E416B","added"
"15","13","33","1787760299657_2210334767131197631_g1860709059863148993_cac57904bb00acb1c36e11adf560f668.jpg","masterdata/chap13/33-2.jpeg","E692FDF6EF909915B575D708C47D3D0C13CB9CA9AC8A6DA93F18B9631462D05C","added"
"16","13","31","1787760299738_2210334767131197631_g1860709059863148993_9d7ffe0a264704642146cc585167c9e0.jpg","masterdata/chap13/31-2.jpeg","2A031761F1D2BB3A8C65D3E1CBCA3A41F0A7E68A65F8D58DF3C94E65EAB512CF","added"
"17","13","51","1787760299873_2210334767131197631_g1860709059863148993_347e213ff7f9c54fff9caf609960fe33.jpg","masterdata/chap13/51-2.jpeg","2144CE3239484C9B5DE33BDC5BF9753EDAD7A3701A12AE568C98F81F63A3327B","added"
"18","1","68","1787760299947_2210334767131197631_g1860709059863148993_ba42cf0b782796414d78460d98fdfd1f.jpg","masterdata/chap1/68.jpeg","B09299434F9B18D10D46068155A5B437F6929EEF694518EB1C55DDB7E184C2FF","added"
"19","1","69","1787760300069_2210334767131197631_g1860709059863148993_5ac3738f91637fec13411521077f5ec1.jpg","masterdata/chap1/69.jpeg","B2288715271295D443C000B4258F595CCFD559F36E8888398DD2E75BBF729548","added"
"20","1","70","1787760300153_2210334767131197631_g1860709059863148993_8a5067ddd316792da5b9d81a49dcef39.jpg","masterdata/chap1/70.jpeg","A71757ABE2B69D63CBEA2054D5BF25BF1929206CB8E4B85E75E62EE855B45CEF","added"
"21","1","72","1787760300241_2210334767131197631_g1860709059863148993_50d852e1bdda41bb619d6c2eb6216f38.jpg","masterdata/chap1/72.jpeg","F05C3F471300DC6BF45A8A0344134A94F85A94CEE47E7476E6B61C359EB853DD","added"
"22","1","71","1787760300333_2210334767131197631_g1860709059863148993_52012ec097220423a439708f61c81be0.jpg","masterdata/chap1/71.jpeg","6C401842189E88A2429E309E1590B5A5287F9260C091087A98D5740D171E0B42","added"
"23","1","73","1787760300425_2210334767131197631_g1860709059863148993_4de0bd27cb0d41d1109e5a63271ee682.jpg","masterdata/chap1/73.jpeg","3CFDFAEBA82C59C167C9603B8DDF9B4EE93AD429F6F6DB10CAAFC88E65AE5817","added"
"24","1","75","1787760300507_2210334767131197631_g1860709059863148993_551b1f0940393d16302b442d455f961e.jpg","masterdata/chap1/75.jpeg","4808A8446A217820EE1AEDEDEE631F1FEB821EE96A6F0AA2345C111FC455BA75","added"
"25","1","76","1787760300619_2210334767131197631_g1860709059863148993_ba52d0596b2124bd0017a221af0b82d3.jpg","masterdata/chap1/76.jpeg","2A882A1B99EBEA34AE275E6B0CF4D9781E9BFFF0C88EF517CA259C8382B44D35","added"
"26","1","77","1787760300699_2210334767131197631_g1860709059863148993_b95220c922e88280658b9dbda83416dc.jpg","masterdata/chap1/77.jpeg","C48C3896E7F6BBC8469D9B3AB78EBEAAE1290BDA2EB1DDACE1F29DEA2A50167C","added"
"27","1","78","1787760300815_2210334767131197631_g1860709059863148993_cbf070b8347362f845900955894f9b5c.jpg","masterdata/chap1/78.jpeg","52C252EE0D7E0134F910EC240EB05E1B990210E771161DA906FEFDBEE4F64234","added"
"28","1","79","1787760300891_2210334767131197631_g1860709059863148993_55a8c05af3660f8da0a5cdf3ecf243af.jpg","masterdata/chap1/79.jpeg","0906FC0302B0B7D8CE911B40F3574B436A110ABEB7A41EB7C5DAA3633B815EC1","added"
"29","1","81","1787760327514_2210334767131197631_g1860709059863148993_5fa9e1fd9627214eb7c6af1206831ed2.jpg","masterdata/chap1/81.jpeg","98C3301EEE79E98A51092BFC51C2730ED7E50FEBD55FF2D4B4F7211A004D18EB","added"
"30","1","80","1787760327591_2210334767131197631_g1860709059863148993_48607f77d6cf124d8491016bd583e962.jpg","masterdata/chap1/80.jpeg","A6EAE953314084D5D9518CB7E97A4AEF191F96C6F1DA50499C7C4D90065C6EF9","added"
"31","1","82","1787760327709_2210334767131197631_g1860709059863148993_34d4cc5806bb3c694c85e99db1ca4e10.jpg","masterdata/chap1/82.jpeg","CCB19A06014D415AE2170097D1047BF9A08A245AE93A6114E62B114ADD90B366","added"
"32","1","83","1787760327793_2210334767131197631_g1860709059863148993_99ddf0de9fd20a234fb458d0c41f6fbe.jpg","masterdata/chap1/83.jpeg","4946E9BDCF9AB28D81E04744C1B71373014EF3EBCC361525EA45DEDD81B7FDB7","added"
"33","1","84","1787760327892_2210334767131197631_g1860709059863148993_4236812a33122bb606db171cadd9186c.jpg","masterdata/chap1/84.jpeg","FC19F35725F36948AB84C4EBD161CE797C035275F311C85C5D600FB3A22A9ECF","added"
"34","1","85","1787760327969_2210334767131197631_g1860709059863148993_5c1684d77d3ddaca154305c702f563df.jpg","masterdata/chap1/85.jpeg","2BF2E60549148BC4C78B433928AEC9046E8E2CE0CB03992AF99805C6C4D6ADF5","added"
"35","1","87","1787760328052_2210334767131197631_g1860709059863148993_2b67c6b8c98a07bec951b2d78d58cebf.jpg","masterdata/chap1/87.jpeg","4758EAB35119210B9CC674E65E3085906DA91022781DDED9572D4AC623AF03FD","added"
"36","1","88","1787760328139_2210334767131197631_g1860709059863148993_a683f369f63663d2544a41bc6b544b0b.jpg","masterdata/chap1/88.jpeg","C3CBB879FCA447541B272B1153CB81F84E439644BDC2BF27D4DC77240F9690E8","added"
"37","1","89","1787760328231_2210334767131197631_g1860709059863148993_48afa92f3dbb914f9c0b00162f2dd69a.jpg","masterdata/chap1/89.jpeg","1B1FCF34E68732762ECB226AC3A1DFA195BB0F3F309D6B2D4D17D88036D39D26","added"
"38","1","90","1787760328314_2210334767131197631_g1860709059863148993_a04b5208fc34ca403b05adcefc188351.jpg","masterdata/chap1/90.jpeg","DD0262C3456EA56B2F59D02C53BF60A193F1EFB77FF0316F371A50DCC575028B","added"
"39","1","91","1787760328403_2210334767131197631_g1860709059863148993_2029f7fdf0aa8f8f86f86db833e2bcdd.jpg","masterdata/chap1/91.jpeg","B22893188C949BFB4D1C2539FEE31B2329FAC1F841C90FDB2E2DFD72EB87AD1D","added"
"40","1","92","1787760328490_2210334767131197631_g1860709059863148993_decf9909140cfb3be010c12741d30a08.jpg","masterdata/chap1/92.jpeg","09076266D81F1B412D85D53CDEB609FD5C9030BAA3E979C5AC3C10116B8F6B76","added"
"41","1","93","1787760328589_2210334767131197631_g1860709059863148993_121f7083e2b44bc8d6faa3b39b19efdf.jpg","masterdata/chap1/93.jpeg","8E02F1678EBDB9E4C8624D1D2D5A3BB3036C0A000A8108F3EB07B007214905D0","added"
"42","1","94","1787760328669_2210334767131197631_g1860709059863148993_7fcf7cbc12e8834121a6d1283b38f881.jpg","masterdata/chap1/94.jpeg","6AA43C3A8602817E3CD1AD4F0E2767A4F1E31F597CB8A26F308D27C041310D58","added"
"43","1","95","1787760328749_2210334767131197631_g1860709059863148993_78a4506bae27cc50729e2a9be425978f.jpg","masterdata/chap1/95.jpeg","CF0AD844132DFB7E9EE80B85CF0F555CAB1C5B6B0000418053D34BA1DF7C2AE6","added"
"44","1","96","1787760328848_2210334767131197631_g1860709059863148993_ef6363ea9a1ce681aaf958a6815ba17f.jpg","masterdata/chap1/96.jpeg","13DC7B7462E96420C3F25BD82E42E3511B7A41E6F08AAFAF5B604C1283D6F824","added"
"45","1","97","1787760328954_2210334767131197631_g1860709059863148993_120fed6b532c874f044c4fee0e120996.jpg","masterdata/chap1/97.jpeg","D9D0CAB62F66C3592B6B9F1E8EEB9F5FABD8C0D0CC7386A9B4A1181B65B73507","added"
"46","1","98","1787760329038_2210334767131197631_g1860709059863148993_4864a3b698f1fb84151b76a232ade5ec.jpg","masterdata/chap1/98.jpeg","6B262CDDB275B861A23AC57B1E121E1821C5279649C04F5A9ACA8A01D494640E","added"
"47","1","99","1787760329142_2210334767131197631_g1860709059863148993_ba124eedf6c44a7ad4a1e0900366878d.jpg","masterdata/chap1/99.jpeg","FDA4632587DFC7128B7C4CC0B2B48D6C24AC850208645E9994FC044A439D35FE","added"
"48","1","100","1787760347581_2210334767131197631_g1860709059863148993_3b618ab539c151b1f863212ac92e57e9.jpg","masterdata/chap1/100.jpeg","583C61D5015E485DD389933A8C983ABE8C7136E64C854C87BE5B4625CD87409E","added"
"49","1","101","1787760347645_2210334767131197631_g1860709059863148993_124cb7a76040c4e6c67df08ff212d554.jpg","masterdata/chap1/101.jpeg","17F368119C0143318C743647EE50D21F6945E9F67AF5513D9137693507FC6874","added"
"50","1","106","1787760347752_2210334767131197631_g1860709059863148993_2bf7dbe682f23ea4ab8649ca6a57565a.jpg","masterdata/chap1/106.jpeg","144B6544133133BF275F12B16C58DC9A0A41AB6DDE0B0920B4225778FDED1BC6","added"
"51","1","108","1787760347848_2210334767131197631_g1860709059863148993_782620f61ee0cec7378db55b5922d11f.jpg","masterdata/chap1/108.jpeg","B8ECB9E67648BC1CF2A1B9851A447A2766FF3D0435541D34E32B0D87F036CAFC","added"
"52","1","109","1787760347960_2210334767131197631_g1860709059863148993_c13d2ed620381fac8cf52a049da72db5.jpg","masterdata/chap1/109.jpeg","F7F2C274CBBA54BD4B684C401DE484193875E4F9C33388DE9815B0A3C32610C4","added"
"53","1","110","1787760348032_2210334767131197631_g1860709059863148993_3b4a2a620a781d16e7e1f720fbd395ce.jpg","masterdata/chap1/110.jpeg","0930E62ED8CBA7EB3508CF05F2E2AE8AEF2DBDE70589967A0D9795F7A056502B","added"
"54","1","111","1787760348126_2210334767131197631_g1860709059863148993_930db11c4d989c7f6e0552432fd593f8.jpg","masterdata/chap1/111.jpeg","CF00D33DEB25EF016E16A4AD3794C0106DFFA4A9ECD98F1BBB2817958336428B","added"
"55","1","112","1787760348199_2210334767131197631_g1860709059863148993_e967df9f3e41a2a766d4fa700111c686.jpg","masterdata/chap1/112.jpeg","1CD1FD176F346747EA2BD358E10035498FA057075CA088A054EFA61EF1460C4D","added"
"56","1","113","1787760348285_2210334767131197631_g1860709059863148993_955e7eefe0489213eee292047aef0696.jpg","masterdata/chap1/113.jpeg","C6DDF954C6B040B093045213A58B8214F69E6CAE426C520F9E26EB9B80CCEBD8","added"
"57","1","114","1787760348363_2210334767131197631_g1860709059863148993_01c99dc340b5c788da79536b0239161c.jpg","masterdata/chap1/114.jpeg","15FFA8264B6A2F4440A240E0A89A3AE5B5F9015F751F32123C2E4E21D9C2880D","added"
"58","1","115","1787760348465_2210334767131197631_g1860709059863148993_2f6f392c0610f76b53d17104bd248c08.jpg","masterdata/chap1/115.jpeg","D272B5AE295AD4A6EFE69660BD58E5099D8290345E6134762EA9F8FA6AABB8C0","added"
"59","1","116","1787760348539_2210334767131197631_g1860709059863148993_d6fee6667efdc15a74631e0ed3190eca.jpg","masterdata/chap1/116.jpeg","E040651204D8840667D63EBF1D1B9D57F0C38D89A4367B996AF9D2713ED9C2A4","added"
"60","1","117","1787760348637_2210334767131197631_g1860709059863148993_c9b0c3d53c497370398951016897f240.jpg","masterdata/chap1/117.jpeg","EA4D168CB3BBEB0E91BCC9DE29D6703DCC6DF4F8B9BE2F1DDD3422E395E16BFB","added"
"61","1","119","1787760348713_2210334767131197631_g1860709059863148993_04bf418e8493e72877cae0f73a11071c.jpg","masterdata/chap1/119.jpeg","2C18B59491254567E39E25BDD7D56E05B0635B53BE62BB888DFB0710E9B45EB1","added"
"62","1","120","1787760370595_2210334767131197631_g1860709059863148993_7cd7b2d2fd6dfd0ae27fd9b3d7445843.jpg","masterdata/chap1/120.jpeg","CA1BF92F947898746D29772B2CD15CDD08D64F26E0EE1C5958DE17DD0F3077F0","added"
"63","1","122","1787760370671_2210334767131197631_g1860709059863148993_b1f9d16808e249bf7ff1eaaf7451cb98.jpg","masterdata/chap1/122.jpeg","8D47DF6410427C2F741C2AD4DE647FA681CF0957F8FA5F5151E714521B34B467","added"
"64","1","123","1787760370756_2210334767131197631_g1860709059863148993_cb3b9f5776ce4251476c818b3c6ef1f7.jpg","masterdata/chap1/123.jpeg","1760583C5AD823B938270FB73118351D6535043F20108BF2FEB7D4383A501CA8","added"
"65","1","124","1787760370864_2210334767131197631_g1860709059863148993_da997b675f21b9514670e588c1f3f717.jpg","masterdata/chap1/124.jpeg","0D668C0627DCC60D5246E4B8240D1957AE9E7657E9721F3C8AD618131D74B0E0","added"
"66","1","125","1787760370953_2210334767131197631_g1860709059863148993_dbdd3da8be8053bac2db4f4c502d2461.jpg","masterdata/chap1/125.jpeg","599EA518A71C0D100FF63C6C98A0A17DA84E9813FC7388915851B7D1DACEC127","added"
"67","1","126","1787760371032_2210334767131197631_g1860709059863148993_64a674d60b354f0a98bae813712bd1e6.jpg","masterdata/chap1/126.jpeg","2E7B901ECF9B0D0F361436EA7211176F92241271B2159AEA854B42FA9331053B","added"
"68","1","128","1787760371131_2210334767131197631_g1860709059863148993_96b41c21b261c05bc232a2215e381a3e.jpg","masterdata/chap1/128.jpeg","831F53781D977E8845C67BF9DBB5F7EE834D61A9A9746142DEBBEC315B6F3165","added"
"69","1","129","1787760371205_2210334767131197631_g1860709059863148993_cee2506c5e70f231ec9522635ea46cba.jpg","masterdata/chap1/129.jpeg","1ECE9F76A152E07463C67BD9B5637023327AE2A38F8888FEAFAD3E679E511A9C","added"
"70","1","127","1787760371294_2210334767131197631_g1860709059863148993_65a433513bc3b93d4d11c3a9cc441d67.jpg","masterdata/chap1/127.jpeg","77F3A2FACE89B5978B971DE462D124ADA3CACB71ADA85C604EDFCB783C3DBC1E","added"
"71","1","130","1787760371369_2210334767131197631_g1860709059863148993_388b4294f965f463bd75dd19b809bb2d.jpg","masterdata/chap1/130.jpeg","6D834995E6ACCCA86F938451F8B2A7FB48E1739C11AECC0960230FDF6D472116","added"
"72","1","131","1787760371445_2210334767131197631_g1860709059863148993_1f391ed57cb6c2853058ec3545f5f035.jpg","masterdata/chap1/131.jpeg","8B49AE6D5A33D1BFC80F5DD2D0701D2D6C008AFFBD12A2B81962CA969CE1FE03","added"
"73","1","132","1787760371519_2210334767131197631_g1860709059863148993_44a9d04f3eab3acceb1198269a9bc110.jpg","masterdata/chap1/132.jpeg","C006788E14135F9C5C1FC11C5B9A29704DA39EEF0501ACC5C13CAC4A313A2264","added"
"74","1","133","1787760371606_2210334767131197631_g1860709059863148993_b0f935c779428b47d5c474f3beb150bd.jpg","masterdata/chap1/133.jpeg","0C3B98F9E3A0F1D23AF7D3FDFE408C2B235D59DCFEC7B2C0CC67B7EB750AA8B6","added"
"75","1","135","1787760371680_2210334767131197631_g1860709059863148993_a7ce9c00a6fde798f9ba7b1af7223cfb.jpg","masterdata/chap1/135.jpeg","42B9421A9D4E1BE6EBA541716950D04B84C66940FE9E6D8ACE984430E8DA1A96","added"
"76","1","134","1787760371773_2210334767131197631_g1860709059863148993_cf751a094b4885898a00d7f393785b55.jpg","masterdata/chap1/134-2.jpeg","85BFDEB46400400A590D8DE4B0E40A2AFAC156F2A4A88B8A2837BD2CCB210B90","added"
"77","1","137","1787760371853_2210334767131197631_g1860709059863148993_1e6452ab4990b57c428e4968f40a99e1.jpg","masterdata/chap1/137.jpeg","8538B6AD094ECC2920DBB89EAE5D6D90CAC7C52F49724F6929DB7519A35B5FBC","added"
"78","1","140","1787760401106_2210334767131197631_g1860709059863148993_fab0a6b12129f9e75b5a77b9e4da27e5.jpg","masterdata/chap1/140.jpeg","F753FBB08F68CE2F06010C5770649203A6487B648E7FFF8C0623F025CD193673","added"
"79","1","141","1787760401182_2210334767131197631_g1860709059863148993_d409d9e40f989cbaf658bdbc07a3913d.jpg","masterdata/chap1/141.jpeg","68C488FCA0EB5842B05CE7DDFA6B79439CC4A5B7F8ECFAA40D7A5729B241AE4A","added"
"80","1","142","1787760401286_2210334767131197631_g1860709059863148993_b92167bad8789d19fc96a321fce2babd.jpg","masterdata/chap1/142.jpeg","B2BC3539FA7376CE0BA49897AEF6BB34D2613E6103DE572416CE5ECB6B010A94","added"
"81","1","143","1787760401380_2210334767131197631_g1860709059863148993_1cd4ac9fb26bddb12b1607285626ffba.jpg","masterdata/chap1/143.jpeg","14891DDBCA8CAE10DBA4E41F32B55609DEE43224455B49AA6EDB77EA5E861CCA","added"
"82","1","144","1787760401479_2210334767131197631_g1860709059863148993_decef15b71f9081ee37b8af1aad4e099.jpg","masterdata/chap1/144.jpeg","A67801BCF1986380B1A38EC7A4C5581FD4260FB28D363B4FDEEBBAA6A26DA588","added"
"83","1","145","1787760401549_2210334767131197631_g1860709059863148993_76cbe7f4563ae6813440e497357b0237.jpg","masterdata/chap1/145.jpeg","1A194C70E2247C37A301FBB3BE07069B5908A536FC4D8A34F37B3BBA82F1A718","added"
"84","1","146","1787760401669_2210334767131197631_g1860709059863148993_b02a848403edfdefd182f7f157ec78a6.jpg","masterdata/chap1/146.jpeg","99E0BF00BC98E0467387EF177E2B0642F8EDEDCE10225D578BBA544EBA23A639","added"
"85","1","147","1787760401748_2210334767131197631_g1860709059863148993_af4d8654bffc03dcb757b24e268b468a.jpg","masterdata/chap1/147.jpeg","530BDAA85FB01AD4460B3076D4A799D50286025B462EF6A61026D906A7E22793","added"
"86","1","148","1787760401840_2210334767131197631_g1860709059863148993_91ede636796689238d852c55e1a9f8dc.jpg","masterdata/chap1/148.jpeg","04B1721DBA5E5073E727BA183ACE2BD22B6CD0FD58BB788A9AA8BA4DE28C5B3B","added"
"87","1","149","1787760401907_2210334767131197631_g1860709059863148993_df2028208d9f8f4973d965f5baf128cb.jpg","masterdata/chap1/149.jpeg","50DDBD939130AD163B6FD3EBD48C0D8B0E693A0AE8BDE4F64B360D8EA6564F3E","added"
"88","1","151","1787760401997_2210334767131197631_g1860709059863148993_accd22900f01ebdea113bd6ca59d4918.jpg","masterdata/chap1/151.jpeg","2D456AB4753BE15CAA9887B8BBBB379559176DD84FA26D5735F4CF537A35ADE2","added"
"89","1","154","1787760402115_2210334767131197631_g1860709059863148993_45e4c659e48e0e04423a919c2adae8d7.jpg","masterdata/chap1/154.jpeg","9CA15BBE8A99249E27384DC329DB52AF90991503444C01D3CE62D2B9B9409A63","added"
"90","1","153","1787760402204_2210334767131197631_g1860709059863148993_fc4ec4d9cdda32f30c6ae43e7bfeb0b0.jpg","masterdata/chap1/153.jpeg","C3A784B068A5BC2878C83160A9F635820EBB513DB324B61372406122C90AF6F6","added"
"91","1","152","1787760402301_2210334767131197631_g1860709059863148993_3db23254c837f0280f000dc39733bb80.jpg","masterdata/chap1/152.jpeg","75E0D909DF5D1DB5225C4AE7899F74E3A6F237EAFAB855E4E27E5588D73A6E80","added"
"92","1","155","1787760402367_2210334767131197631_g1860709059863148993_f86c456c4d18cfa7c527f65dad48f6e0.jpg","masterdata/chap1/155.jpeg","502F834E9D9D07F65A2966469BB214F81B35506B41FE47F38301E7719375DF91","added"
"93","1","156","1787760402443_2210334767131197631_g1860709059863148993_d2ce25251682c21ec05899e95a90675e.jpg","masterdata/chap1/156.jpeg","3ED90140F39B73BB6E50837374C205386B473F76E75C3BFFF3D6CC1AA10225F3","added"
"94","1","157","1787760402516_2210334767131197631_g1860709059863148993_b76726bc4fba88c6c4da568da227d03b.jpg","masterdata/chap1/157.jpeg","C1C723FAE3D6B0BD61FC092069F3B4BDCE0290A3FF2B24D2FED908557254A891","added"
"95","1","158","1787760402612_2210334767131197631_g1860709059863148993_d470610db60941bde70d6fef5a0775ec.jpg","masterdata/chap1/158.jpeg","8CB40C3BADA11B0079F9683A5924CE6C4E19ABCF3F456C0AD47F6CEA6C60361B","added"
"96","1","159","1787760402697_2210334767131197631_g1860709059863148993_64ab9b620b8545b6d28f306d79f0b60d.jpg","masterdata/chap1/159.jpeg","38C13802E08E065753A471D9F068DD359DA6F5DFED85F694D898BF4B9A5F6B4B","added"
"97","1","160","1787760422880_2210334767131197631_g1860709059863148993_e9df80e3a82fc4ff0add94361448398e.jpg","masterdata/chap1/160.jpeg","FA2513791A3792B3F6752641679FC2B798C926F2595BBC821E82FF58D6CD3893","added"
"98","1","161","1787760422955_2210334767131197631_g1860709059863148993_27331924a30932bf4aa02fb485d6e84e.jpg","masterdata/chap1/161.jpeg","706E04DB20B80CAA8E77930D926560896D99593913CAE1194A5F903E708E5B6C","added"
"99","1","162","1787760423077_2210334767131197631_g1860709059863148993_79e6db09b25a09abd2167c19075df735.jpg","masterdata/chap1/162.jpeg","5E9D1F8F8E00A02CF9F3CF6DF1E78824BDD24389AAA22C5A4846DDD0638A29E7","added"
"100","1","163","1787760423161_2210334767131197631_g1860709059863148993_1c5fbff562b2e8a20d377920c307f6ca.jpg","masterdata/chap1/163.jpeg","8601D3771A4B7948D5D6CDBBE33A0EA4832CC7427434A1D86B7F4E973015F250","added"
"101","1","164","1787760423256_2210334767131197631_g1860709059863148993_8aa3f6a059253ff5384065e3aabca701.jpg","masterdata/chap1/164.jpeg","3133ABEE7E6E5FEBB47B6EE6D4319117A97F6BA386A7BF6E0C0104B26337F8A4","added"
"102","1","165","1787760423332_2210334767131197631_g1860709059863148993_797f38ac82cc5de12ea4ef061c2615c4.jpg","masterdata/chap1/165.jpeg","3205A60920FE0BDB0FB5EADDA841B3CE63D22EABA61C7B0906EFD2D6B2E12A6A","added"
"103","1","167","1787760423439_2210334767131197631_g1860709059863148993_ecf63a342c3a7f411edaa49eb3694cff.jpg","masterdata/chap1/167.jpeg","8B8ABA859537B60708442B0480BAB929D1424B8338AF0D8E54E54C132EFA2C6F","added"
"104","1","168","1787760423540_2210334767131197631_g1860709059863148993_ea3a0e94f904a9a3b109c8d9047b1a42.jpg","masterdata/chap1/168.jpeg","7EA47305ABAC40AA01F3844B24CBEFA3EC90FEF74881006DDDAA83FE5E1F9B11","added"
"105","1","169","1787760423632_2210334767131197631_g1860709059863148993_0d0f484f9afa14b5c4e0b294251a1633.jpg","masterdata/chap1/169.jpeg","013435F426BBACCD2A1380FC8EF500475DD788BEB0B684DAD34F7E2EC2B07509","added"
"106","1","170","1787760423713_2210334767131197631_g1860709059863148993_b6142c516d536c90004bc63959a1a151.jpg","masterdata/chap1/170.jpeg","C672A33566EB82C36C760D1733F41AE12BCA3D20E5AF1AC7EFA7B13332118F6E","added"
"107","1","172","1787760423813_2210334767131197631_g1860709059863148993_2c4816f33de44be930a71c647d56770c.jpg","masterdata/chap1/172.jpeg","B4DBD2CB0BF36CC9BB79AA5B0878F6EFCD8FA8B09BD00C8D88342CB761B3B8D0","added"
"108","1","173","1787760423890_2210334767131197631_g1860709059863148993_62add5cc23eb18a3bd20e8bb0e5556b5.jpg","masterdata/chap1/173.jpeg","DFD8D7FD12C1BD0F9A542296743E3D153396B237EABD4620ECA106ED34F6BD50","added"
"109","1","174","1787760423983_2210334767131197631_g1860709059863148993_10eb8ac713e18b89d67862089d0d63fa.jpg","masterdata/chap1/174.jpeg","9FAA0B2C2507787E80F73EEDF67DE5DCD1D6056DC66EA2E7BD694C73283EBA64","added"
"110","1","175","1787760424067_2210334767131197631_g1860709059863148993_b95bc31030bf4de5d51ecb65aea6dd5f.jpg","masterdata/chap1/175.jpeg","A97B375BA71BFAD85718665A1C402C505587AC0140BE67FFAC7E5679EED19776","added"
"111","1","176","1787760424162_2210334767131197631_g1860709059863148993_52915b7e168c97d10e111e48af43cf09.jpg","masterdata/chap1/176.jpeg","9C187420B4F2EE282FE47B8F5F32A13A546B66BA8896E97409269EFFB7410C04","added"
"112","1","177","1787760424230_2210334767131197631_g1860709059863148993_a35c57094fded748a87d9b92cda62e61.jpg","masterdata/chap1/177.jpeg","F93F7BFD20167AC23647BA6FB1D241848B66E597233F127E9CDD4F1B6A11FC53","added"
"113","1","179","1787760424313_2210334767131197631_g1860709059863148993_f5529486d126d922ba3e8b95abc45f20.jpg","masterdata/chap1/179.jpeg","034D443DABDF9569E70833AD74AE8DB3AD0AA2B9D98DA96D17C485E917492F7D","added"
"114","1","181","1787760424403_2210334767131197631_g1860709059863148993_7e1b5f5c92057bf8ac058c4b491255c6.jpg","masterdata/chap1/181.jpeg","001E38B5C182DA02BBC6B679E3EA92F8C4BBF26D5FD9AECCDC5183E2FEA1BE5B","added"
"115","1","183","1787760424502_2210334767131197631_g1860709059863148993_70a70462e9bc0e5e7029d1140c5edd81.jpg","masterdata/chap1/183.jpeg","99890BB0944C5680A78E52A57341AF934E5838E08901E077B249ECAC5ECD99A8","added"
"116","1","184","1787760424594_2210334767131197631_g1860709059863148993_b008b4a8e9a43e8ebdb96485adaf0431.jpg","masterdata/chap1/184.jpeg","0EF6F148B233D397EA5F9BB6CBA2FA24A8E17347E9BEDB1C2FA4640714FC5C59","added"
"117","1","185","1787760424678_2210334767131197631_g1860709059863148993_836302b091e52d920595d22d000a4bb0.jpg","masterdata/chap1/185.jpeg","FA65D96C0CC19745212FDC3DBFF8B2DBC6E6CBFFE13881D713D41320D940DB25","added"
"118","1","186","1787760424743_2210334767131197631_g1860709059863148993_423ed02ea221e5f7a6aa32edddcebdc6.jpg","masterdata/chap1/186.jpeg","28ABB3AF64486630076792D182446AF06AFC642B93C0D7C6401F71841ADBD790","added"
"119","1","187","1787760490478_2210334767131197631_g1860709059863148993_3a49ee8e4fd7cb20a75384b5e76ca4e9.jpg","masterdata/chap1/187.jpeg","755F06794262A7A84E3105AAD0661C55DA5D5D8622138C2EC2B44C61947ADE40","added"
"120","1","188","1787760490554_2210334767131197631_g1860709059863148993_449f424efd4c250f2891e19781b85635.jpg","masterdata/chap1/188.jpeg","AF1696B1E3F9C6065DF3F5F0D6E770F79EF42FBC5F76D11F1FDB4EA23550CB39","added"
"121","1","189","1787760490634_2210334767131197631_g1860709059863148993_cbc82ab627615fa7c985814d4cc31d22.jpg","masterdata/chap1/189.jpeg","6F97F4BACF3396E568B21BC393E57F7070104221A66A496DBE61CE3022837E8D","added"
"122","1","191","1787760490738_2210334767131197631_g1860709059863148993_01fa63ab0b0873aa93936a301a4c1ade.jpg","masterdata/chap1/191.jpeg","A584E72FF888E8F5D4FF562EFEC6D06216F766FDB81D0F5A0BBA5C8E608E6241","added"
"123","1","192","1787760490826_2210334767131197631_g1860709059863148993_508400da8fbf8375d57ba9ce9c9a3bfa.jpg","masterdata/chap1/192.jpeg","AD8DA39A557B7D9B7673F7C6151A2D203C491B1B2C24A4379E0EE595D24B84AA","added"
"124","1","193","1787760490897_2210334767131197631_g1860709059863148993_43f90698e3104045fc91d641d7c07580.jpg","masterdata/chap1/193.jpeg","6E0DC63AC470AD59C0BAAC4673867989DD1CE6C03939CE1A340BCEB7BF25A498","added"
"125","1","194","1787760491005_2210334767131197631_g1860709059863148993_67f1f8d6ab2dc66a935e9a9d288c1333.jpg","masterdata/chap1/194.jpeg","6750ACF17DCB21EF613E526A915EDAB8014A5D7224CE929481CB8BED75964E16","added"
"126","1","195","1787760491071_2210334767131197631_g1860709059863148993_c4cc8aea361c8afd135ec982c9a51a91.jpg","masterdata/chap1/195.jpeg","0056E563C34AB718AFB88F519EC1E2E9405E42A5D7046C43D1B38A5084465A1C","added"
"127","1","196","1787760491141_2210334767131197631_g1860709059863148993_4c8f1b1c68438844b5c67e0b98732348.jpg","masterdata/chap1/196.jpeg","134CF022AD9716E5B3DD7CF670449E39EAB32BAE516BC5F9769517B3C8258392","added"
"128","1","197","1787760491207_2210334767131197631_g1860709059863148993_8c21c217a2b8abfd634a012ead35ce23.jpg","masterdata/chap1/197.jpeg","59BE25D6648DF0A9D85662623E3EDE747C2D77982B672345196705B4F308D808","added"
"129","1","198","1787760491283_2210334767131197631_g1860709059863148993_9f755d20b6a1aa2dca41962d222ecf08.jpg","masterdata/chap1/198.jpeg","CEFE0A648054B567B53A5C31DE829ACD267713890F35CFD5CE94D77F4995A27F","added"
"130","1","200","1787760491350_2210334767131197631_g1860709059863148993_8fe22566c8991a05a9553c68afeb33a8.jpg","masterdata/chap1/200.jpeg","CA8B139300C9D0AD6F90BEEAF7CD17FC17992AA6056A945A4F2E47CE3DCDBD05","added"
"131","1","201","1787760491445_2210334767131197631_g1860709059863148993_db0d4ab863bbf35cff329e42ceffb735.jpg","masterdata/chap1/201.jpeg","D19010D3389610550AF830B2F3A4D7A7ADB8B0C12317CCB7482F6E9DEBCE5768","added"
"132","1","202","1787760491526_2210334767131197631_g1860709059863148993_37bbac09565f385f9fc8a34c60135f70.jpg","masterdata/chap1/202.jpeg","92BB72F07C9358476F5216883833DD6038369B38BBC3E48CFD383EE6A31BD5E1","added"
"133","1","225","1787760491609_2210334767131197631_g1860709059863148993_dd050d60332c2cd6711687dad3b6230a.jpg","masterdata/chap1/225.jpeg","45BB841BDBEF5A66E29ED6591B4C7976642FAE86C47FB4A093E6A9F33A40D781","added"
"134","1","227","1787760491678_2210334767131197631_g1860709059863148993_3433f84603fd17c783f3ff758257b3d6.jpg","masterdata/chap1/227.jpeg","D45B5A2996687733BC7DA5543AEA4761FE542162A0FA5B4902B68F400D06BC8E","added"
"135","1","280","1787760491773_2210334767131197631_g1860709059863148993_7d183814979423245aaa7b6fc22cebec.jpg","masterdata/chap1/280.jpeg","7F718EFD99589CBFCE4C798313710DA35F79A22B0E26B46CE56814EEC066BE24","added"
"136","1","273","1787760491837_2210334767131197631_g1860709059863148993_b84e7cfbac4e6b3f4a298714eb82be56.jpg","masterdata/chap1/273.jpeg","614B01855A6961F77E643233AE32075929645F597BBB641A261291E730436585","added"
"137","1","228","1787760491943_2210334767131197631_g1860709059863148993_124e5c70cbaa56c6d0ea62b127e6ffed.jpg","masterdata/chap1/228.jpeg","A9CA5BB71E4A5DB8F43B2057A3A95153C8683BF4FA9BED4885790464A02270A6","added"
"138","1","282","1787760492037_2210334767131197631_g1860709059863148993_5685a3ab3ffe09bff51bf17e5bb677f4.jpg","masterdata/chap1/282.jpeg","6FDCC9FAAC0D28DA8B70837A9DA990F54915EB26C55FD3E2DADA85FD35FB0D3D","added"
"139","1","283","1787760492144_2210334767131197631_g1860709059863148993_099e83799b761e29ac96d17e78e3b735.jpg","masterdata/chap1/283.jpeg","54CE4B75921E3867BD65C7068E9F5227FE92F2F9715CD97B29D489BDB68A34EC","added"
"140","1","214","1787760492218_2210334767131197631_g1860709059863148993_fec01000e34b13c5980dc761a35a9eea.jpg","masterdata/chap1/214.jpeg","2457F7ADF3B739C3CEB06BC53749F6BA9D16FCE5C7192ADA5802EA9C0C4537D8","added"
"141","1","213","1787760492318_2210334767131197631_g1860709059863148993_835f3299573e41d1fb48628608b03044.jpg","masterdata/chap1/213.jpeg","B4CDFD8C90E479ED94D6175EA92B00517ED584F1B8DDACFF7459B38EA14A76F7","added"
"142","1","215","1787760492396_2210334767131197631_g1860709059863148993_d4bfbe2637ea2befe6bda243cd7adeb7.jpg","masterdata/chap1/215.jpeg","889FC2598BABEED507DBAF0A0593A0261D1D8992B1934076BE99B004B30C2450","added"
"143","1","205","1787760492482_2210334767131197631_g1860709059863148993_d38809fb2b72b9c7d03e891c5b02d82f.jpg","masterdata/chap1/205.jpeg","B6D34599F6E7F1A111A23123D15FF2CDB74D726FA33287C613C7BA3BF19C106F","added"
"144","1","207","1787760492547_2210334767131197631_g1860709059863148993_a3b3cefeaa288052b62e7c36da40c97f.jpg","masterdata/chap1/207.jpeg","CD0B9C27B875D4AED53C0FE3B5F0228631BAFC64250011E7AEA5E73D268D8B7F","added"
"145","1","210","1787760492632_2210334767131197631_g1860709059863148993_a8e49e390185e043afabbc053ea8e051.jpg","masterdata/chap1/210.jpeg","ED5B3B841BD9A0A16BD3D4093B0846A234A79B06039854095CD3136971794D6E","added"
"146","1","209","1787760492703_2210334767131197631_g1860709059863148993_c06e06e21ac421425cd7bac7ec419aad.jpg","masterdata/chap1/209.jpeg","8E3E9FC982F42256D6F1A5A69ADB5A962D415C410EC9B45AB9E6EFDCE1DAED14","added"
"147","1","208","1787760492779_2210334767131197631_g1860709059863148993_f9c28cc5ac00734a9f57b9a48be30b30.jpg","masterdata/chap1/208.jpeg","174AEB69E2B312418F3B81D0CDA16EE6D20B9F1BA06C34D7D7D4C777F33F917A","added"
"148","1","206","1787760492853_2210334767131197631_g1860709059863148993_23d47cd07e90732d971c8555efea775f.jpg","masterdata/chap1/206.jpeg","A2EF4D1450EA26C9272F80A53414DB88EDDF1B89AB5F0459C14300A1826A65B9","added"
"149","1","211","1787760492940_2210334767131197631_g1860709059863148993_75db8b0156537fc1ab586d279a31816a.jpg","masterdata/chap1/211.jpeg","4799F9B1AD8061E8C9A18900E4A3DA68A40B5AD04878667CB68C46188E2CE228","added"
"150","6","60","1787761225790_2210334767131197631_g1860709059863148993_df6476aee30ee29944260fa16a38d48c.jpg","masterdata/chap6/60.jpeg","3D36E2053208C5C5A452E904D22FE58C4E64F8883E61518BEACE1F09E739BFB6","added"
"151","6","59","1787761225883_2210334767131197631_g1860709059863148993_7468dabbcab7c1e40bba99aa0fff8a88.jpg","masterdata/chap6/59.jpeg","81C59882CA06E7CD8E8B324C485FC79B631CD52D53877BD8561698F76A8B54B0","added"
"152","6","58","1787761225982_2210334767131197631_g1860709059863148993_5afb08a1e17de5a4053f2a21081db468.jpg","masterdata/chap6/58.jpeg","3A93CCA9EED986510393ED6987CE2FFC36BB0E4E28817E826E27FB8C11F8720C","added"
"153","6","57","1787761226059_2210334767131197631_g1860709059863148993_a2acafbb7aef05065c50fa7972afc867.jpg","masterdata/chap6/57.jpeg","DC32D935FB709D727405F3888311CA3BB331D0C6A4C3F2C69F0193B264570BBB","added"
"154","6","56","1787761226195_2210334767131197631_g1860709059863148993_3df0a88732a3ea7703087c3dadc686c1.jpg","masterdata/chap6/56.jpeg","B161E0F4E4FD2913BF2C2DAC9D75E800318241C55136DB369B23EA37F83D1D10","added"
"155","6","55","1787761226397_2210334767131197631_g1860709059863148993_d04aa1b16ba9db957e3c8a2cb6ffaf7f.jpg","masterdata/chap6/55.jpeg","A9E6B4635F5E66720EEC884909ED0317CEF86945A212EBF4FFFBBD74DF054120","added"
"156","6","54","1787761226537_2210334767131197631_g1860709059863148993_7f66d052dd7fcb7b15c12d1138804904.jpg","masterdata/chap6/54.jpeg","F1529D9D89B1252685630CEF8BFAAA95285C57BADB73C114641CB479E5F25DF9","added"
"157","6","53","1787761226663_2210334767131197631_g1860709059863148993_21ebe86a0fcd3c6f1393f82beb23a09c.jpg","masterdata/chap6/53.jpeg","B4A8036ED11D078A7E41812C1896D088AFCD396A52EBB3A5207A8FC0EB31A6BD","added"
"158","6","52","1787761226819_2210334767131197631_g1860709059863148993_5aebb1246dda6908d3eb2b12175caca8.jpg","masterdata/chap6/52.jpeg","53B0C0EB0E8856637C3FFD2FCB5F098CC50E9D8C10E03E3E3DA32479F95BF0CA","added"
"159","6","51","1787761226943_2210334767131197631_g1860709059863148993_5b791a6a792ecb187ed23fe5e185b53d.jpg","masterdata/chap6/51.jpeg","CDC919A4C0DF764C7922FCAF8E9DE76EA79969BEC559DAC52BAC7910D0B49F60","added"
"160","6","50","1787761227030_2210334767131197631_g1860709059863148993_19e060d01a7d1f5c011f942ce8c644d3.jpg","masterdata/chap6/50.jpeg","816118F335277445E6D01D368E1C89CE9A0C5E623A575210DFF43A2FC19DA554","added"
"161","6","49","1787761227127_2210334767131197631_g1860709059863148993_21feb421f6bbbdd43b1a6d9c0ed08aa2.jpg","masterdata/chap6/49.jpeg","58841A382277D3BF8C2B14E56D4194B914FEB0AD86A78286AFFB807A36EE7E08","added"
"162","6","48","1787761227214_2210334767131197631_g1860709059863148993_25ea61ba448f66c284bf94c892fc5bd3.jpg","masterdata/chap6/48.jpeg","C1427918093EC089BB65CF9441991E5F24CD55625119AA3B85484465CB12FAC7","added"
"163","6","47","1787761227299_2210334767131197631_g1860709059863148993_d16122bf4252183eb0ffcec2d5140414.jpg","masterdata/chap6/47.jpeg","2800C879C9DE5F1BF448313D3616783300340E0AE016B40801421C5ED825CA46","added"
"164","6","46","1787761227372_2210334767131197631_g1860709059863148993_4b80d01aa56ca5982a39ce01638bf3f1.jpg","masterdata/chap6/46.jpeg","A846A2CF16AA89BAE2EA448E1ED77A6859326B9FEC19D330D91C4BCDC1A13AAD","added"
"165","6","45","1787761227455_2210334767131197631_g1860709059863148993_a7907c375b844e5bcba26f6cdd2e8650.jpg","masterdata/chap6/45.jpeg","CC2C1678A3DC85DA6B78EA5D7362891B668CA182810629857510877852C04CAC","added"
"166","6","44","1787761227572_2210334767131197631_g1860709059863148993_70ce316a38080f6beb8bebe06f5cf10c.jpg","masterdata/chap6/44.jpeg","6D9EE6C6ACB993EABFFD20A331B421DAEB63FF514D935BF6CFA7C3979C628D00","added"
"167","6","43","1787761227696_2210334767131197631_g1860709059863148993_8720fd28e84aa70861c7c0caf52bc9d8.jpg","masterdata/chap6/43.jpeg","D34C8604EC010222C606B81576AC1ACBAC964EBC5991E52F63910614CCC2E8F5","added"
"168","6","42","1787761227767_2210334767131197631_g1860709059863148993_0e538fba1d526bb0f51838faa6294d49.jpg","masterdata/chap6/42.jpeg","72D001DC27EE74587784284B2EE43965BC1B9DDD90480953A6C76403AE888317","added"
"169","6","41","1787761227852_2210334767131197631_g1860709059863148993_de08ae7a9f5fbcc81a67441bc71ecf22.jpg","masterdata/chap6/41.jpeg","81C0D59094D4D99C87411A5027BAA2B75522FD765A3477038FE6F93B7DFD0A8B","added"
"170","6","40","1787761227941_2210334767131197631_g1860709059863148993_1c5fe847d0b3b732ce3f24d16e383a32.jpg","masterdata/chap6/40.jpeg","C5B68737436452B7BB83EC9BAC373C136DCCE67F11AE21F4D39E603A4F163E90","added"
"171","6","39","1787761228011_2210334767131197631_g1860709059863148993_886b98729e926a515e992db14592951e.jpg","masterdata/chap6/39.jpeg","6082D3BF0255D60306F43DFF3B4A6F7EDA03C01BF9A2E327C81F8192E32B9FD4","added"
"172","6","38","1787761228084_2210334767131197631_g1860709059863148993_62eb212d65c2d10a6b7d012f639933db.jpg","masterdata/chap6/38.jpeg","EEDA4865D81DD3A6329A5705668B1B2D3B695D9248A9167240D9BBBFF2D68E79","added"
"173","6","37","1787761228172_2210334767131197631_g1860709059863148993_cc10f95ddeeb1b7fbf894d9d08a9ef62.jpg","masterdata/chap6/37.jpeg","58E593E600B7CCBD92A2CDAFC0269E4FB758CD36565D18B7BB5EA4695EBFFA3C","added"
"174","6","36","1787761228242_2210334767131197631_g1860709059863148993_198c774c2ae8be3dd95a23aeedb8acfb.jpg","masterdata/chap6/36.jpeg","4D4E7AFE03AF4346522147009E73F1C491D1A5F7D7B44A83325D331F424E6D18","added"
"175","6","35","1787761228323_2210334767131197631_g1860709059863148993_63c72b34c5642145491c8033e3771d7e.jpg","masterdata/chap6/35.jpeg","09D1DBF43037CA369B5933522FC4AEA2BC561F9662B24878F03FA2956A60AA1A","added"
"176","6","33","1787761228403_2210334767131197631_g1860709059863148993_17f09082b54dabf91f870f486b66bf02.jpg","masterdata/chap6/33.jpeg","E537B2C00F25FBA15B97F28DEB6F7F467EA648D93ACDC7F5C5CC7A28D2D04DAD","added"
"177","6","34","1787761228528_2210334767131197631_g1860709059863148993_c55011e7ad531fb43a1b7a769d5b6084.jpg","masterdata/chap6/34.jpeg","E6C9F32CF33E6962C27C8ACBDC0872B4715B30BC21FA8D15ADD60BACD96BB799","added"
"178","6","32","1787761228642_2210334767131197631_g1860709059863148993_c8ff2e178ec33c76cedd0bb261ffea9d.jpg","masterdata/chap6/32.jpeg","D14A2D14BD59541928A50CBB669E9AA49746FC2855A973300836DB7B0E3493B3","added"
"179","6","31","1787761228712_2210334767131197631_g1860709059863148993_6eba33425e264b9f472d7a270d1df12c.jpg","masterdata/chap6/31.jpeg","22A58F8BA0D37EB872519D1CB977D9A8FC13DEB1002A95BD29CBB7E07C8FB8BE","added"
"180","6","30","1787761228797_2210334767131197631_g1860709059863148993_e9a2bb7490dc37b6b4485974c10bd92f.jpg","masterdata/chap6/30.jpeg","1DE963EA2BC2E6A4A1D71BC79737610D5CA307D3FA893E48470B5E93C5DA5E5B","added"
"181","6","1","1787761633363_2210334767131197631_g1860709059863148993_7214e34cd3a2ed40bc3832710adf87ad.jpg","masterdata/chap6/1.jpeg","C9AA7FB73AA7733624AB385F0F375DEE99638B29EE12EFE0207CF66AEE195511","added"
"182","6","2","1787761633489_2210334767131197631_g1860709059863148993_1e4b9309b2b0a31a84fd0ef5e26fb1ad.jpg","masterdata/chap6/2.jpeg","761FD059F374799A722A32506ECB7238C756AC2C35B9CCF43B7A11E3DA0B403A","added"
"183","6","3","1787761633638_2210334767131197631_g1860709059863148993_2e22facdaadb2305466903acb294be92.jpg","masterdata/chap6/3.jpeg","F9E568104F4BC1737CCF7EC1C500D56CE061C620C1C50BD159D9B41FDBF25249","added"
"184","6","4","1787761633775_2210334767131197631_g1860709059863148993_c77419b9e79b37efd9bc081c32a4b36d.jpg","masterdata/chap6/4.jpeg","E0A02A967D0D955A6F31F98F7296B201B6BC9A390EF3E79A2957EA001D64E76C","added"
"185","6","5","1787761633896_2210334767131197631_g1860709059863148993_edbadfb6a72fcc6bd17fdabd30c03498.jpg","masterdata/chap6/5.jpeg","B89ECBDA38B8FF47B49829F4797668A233BD041EBF3AD7C3029F5BB8208EE716","added"
"186","6","6","1787761634063_2210334767131197631_g1860709059863148993_c1baf80c9360b83509f905311f2785ef.jpg","masterdata/chap6/6.jpeg","E88C0C8C1D1F14FA41E4B9099EF50A438F561D7AEF459DE4D905DF0EBBD07727","added"
"187","6","7","1787761634184_2210334767131197631_g1860709059863148993_d1d24ac61ff1158e528b1ac4b560b568.jpg","masterdata/chap6/7.jpeg","9197F21D48182768D69B48BE84B8212F516F37B92185C5E87B25126D5CE19540","added"
"188","6","8","1787761634258_2210334767131197631_g1860709059863148993_8843fc80123cc6f76b4feaee727e815b.jpg","masterdata/chap6/8.jpeg","3531881E14BD291610EF0871709F53ED387291390724AFBEA8E3E03B9366F3FF","added"
"189","6","9","1787761634337_2210334767131197631_g1860709059863148993_f5ad831a13462aab18f7aa6e3f12b245.jpg","masterdata/chap6/9.jpeg","282CAA137EB7364BAB7E9F75B03C1EB9643A388C73054D5B18CA24B6A68784E8","added"
"190","6","11","1787761634419_2210334767131197631_g1860709059863148993_634a2a12849f696cdc5381d6d668fd8d.jpg","masterdata/chap6/11.jpeg","D36CF6DB8347B32B3709DBE1CAE0AF9CFF68F33896D58C96D02C09E0AE08C074","added"
"191","6","10","1787761634513_2210334767131197631_g1860709059863148993_b3ce56bee88b8cf006048a839fb95ded.jpg","masterdata/chap6/10.jpeg","940DF1BCBE9203708B8984F339CE9F2D1B1BD09BF442A98F8917201127EC920E","added"
"192","6","12","1787761634593_2210334767131197631_g1860709059863148993_67f68961fbf6f8b7198ffa4fec3239e5.jpg","masterdata/chap6/12.jpeg","FE59347489416906BB84B3C8D9D9962B03E94FCF0F09AA178254BA393FEEFCB7","added"
"193","6","13","1787761634728_2210334767131197631_g1860709059863148993_d28338c75523314bb7b3001ae9786448.jpg","masterdata/chap6/13.jpeg","4D4987932B82A1FAFBADFB48AFCE2AF221DCADC27FF8113DD7207E2BC62F86A5","added"
"194","6","15","1787761634816_2210334767131197631_g1860709059863148993_5d0862f8dd7f08fe5ecf91b71998e6f9.jpg","masterdata/chap6/15.jpeg","3887A0CE2626A749A88B011698561B431B892C890FBC0DB6DA953DA0BFFCF493","added"
"195","6","14","1787761634891_2210334767131197631_g1860709059863148993_805d169f4ef1bcba979462f77bca026d.jpg","masterdata/chap6/14.jpeg","9921989CB2E857D9ADC5D1BFA269B484308F0EE2D326B05EADDF11D95B3E654E","added"
"196","6","16","1787761634961_2210334767131197631_g1860709059863148993_40255c417d40381704e71d32ab2418df.jpg","masterdata/chap6/16.jpeg","CDA553BE9FD78BFAAF7BA9047A2F4F1EBC16E3FA85BA4C1D4966C99209CB244A","added"
"197","6","17","1787761635036_2210334767131197631_g1860709059863148993_53bb8f41996facd77f20c85fa8e340f2.jpg","masterdata/chap6/17.jpeg","A7FEF58497EE2388C6657049C195D44E511D786A26539DA0C74BB3CBF95594DE","added"
"198","6","18","1787761635099_2210334767131197631_g1860709059863148993_824223d053f9743f56ee22c2e274615a.jpg","masterdata/chap6/18.jpeg","0A2C22756AAD348FBD953DE6C4AAA673DCE300E45328E2ACDD15D39BA45C5557","added"
"199","6","19","1787761635199_2210334767131197631_g1860709059863148993_0da31bb0827977dba0d6c075d4d10979.jpg","masterdata/chap6/19.jpeg","D4171FBF3AAE2F2CAB3EE8CE11282BE6FC09E750BB037584166B3FF9A3D177AE","added"
"200","6","20","1787761635300_2210334767131197631_g1860709059863148993_7943640c4a11589bcdcb326758d4c6ec.jpg","masterdata/chap6/20.jpeg","DD43B5800999438DDB00CBFD8F03A640767E24A580DAC6D957D33A9DD638361B","added"
"201","6","21","1787761635424_2210334767131197631_g1860709059863148993_7263fb1141aceaccb8e79ca978edce65.jpg","masterdata/chap6/21.jpeg","EFC68E2EA47DDE2C063AC8572F5EB4153B6FD96FA5F1A1E510EFB65C35CAA270","added"
"202","6","22","1787761635514_2210334767131197631_g1860709059863148993_9fe0210897c715c95ef0aa1c41cc40b3.jpg","masterdata/chap6/22.jpeg","33D1364BE24A97537819188DB201425127D6D74CE1408298D14DA98835BCB036","added"
"203","6","23","1787761635591_2210334767131197631_g1860709059863148993_a3db840bf8227f3cae9d07dba96b2ab9.jpg","masterdata/chap6/23.jpeg","3AE6B69EDB77377F0042F96886FAC16A6919E7596EECE961852ADDDFFE5205D3","added"
"204","6","24","1787761635678_2210334767131197631_g1860709059863148993_a1b9bcfa7d95172856f5abaea11abb25.jpg","masterdata/chap6/24.jpeg","C23AB4B29D8F394CA51E5126064C3115FA2F0E0B185BA5D25F00CFD7674311A3","added"
"205","6","25","1787761635778_2210334767131197631_g1860709059863148993_e088542f0e7dd9b3ce55b996cd3457c9.jpg","masterdata/chap6/25.jpeg","80D8C6BE676BB427C30BA1ECE61F47FE1E6FD76FF82242005BFC64FB13363D72","added"
"206","6","26","1787761635854_2210334767131197631_g1860709059863148993_3924954f1b77405c8550672ee4d46096.jpg","masterdata/chap6/26.jpeg","6887A816F2FF09E80A1D13CB18681E49183F50F404328E916BEF22AE68A664DA","added"
"207","6","27","1787761635927_2210334767131197631_g1860709059863148993_cdf31f39522f4dcc3355fb6720780953.jpg","masterdata/chap6/27.jpeg","EFA0482D4D57053EB3B7DD9AFA1D045F202C1C4483A9C60715B03B26DB76F44A","added"
"208","6","28","1787761636008_2210334767131197631_g1860709059863148993_ac0896383d40635ec9714d8e7cd0e26a.jpg","masterdata/chap6/28.jpeg","55978B4E90077F4FA2CE7A0CD11737E68C913B7F1916C3E5125FA0899DD7956F","added"
"209","6","29","1787761636092_2210334767131197631_g1860709059863148993_30ee76eff785f829a9b8a1be8b7e63ac.jpg","masterdata/chap6/29.jpeg","238A0D96005456B3B23EF07E06D3AC3F74F8BE21F0F60190C0C839C3162F29C2","added"
"210","10","60","1787762277689_2210334767131197631_g1860709059863148993_dc0697a87bf6e01902e6ce42b0983eb1.jpg","masterdata/chap10/60.jpeg","F3872B7A9767DCA7B973CB8BC127BBAC5AAC2FB8E813D02D0348D636D89F9BD8","added"
"211","10","30","1787762284682_2210334767131197631_g1860709059863148993_e75a358f6d1bbd1d6077e5b0f09962fe.jpg","masterdata/chap10/30.jpeg","3BC2F79334BDAB8B738F5407262CC58F4AB9F35D4812A6B4E7D87B525152ED1B","added"
"212","9","45","1787762393209_2210334767131197631_g1860709059863148993_6587602143d23a8bf24ed39263c74d35.jpg","masterdata/chap9/45.jpeg","8F68BE7E5E2ED3F9A6E6B8A534009EFFC1FF10AF00214D0649EEF38CD9412DE6","added"
"213","9","15","1787762393270_2210334767131197631_g1860709059863148993_b9d82ab50a301d4c55922cdfb34de8dd.jpg","masterdata/chap9/15.jpeg","7C90E1081D0B7734A2F056EF2A05B2B6EFE086859D3B11D54EFA124CFFC0D98E","added"
"214","9","7","1787762393369_2210334767131197631_g1860709059863148993_1dfc1af829123483908e5e5ae5c00c66.jpg","masterdata/chap9/7-2.jpeg","6DAD5258D3DA9ADFEE2B568DF75EB79F0EA8628ACA3C390E2E2543931C3C2E2A","added"
"215","9","27","1787762595390_2210334767131197631_g1860709059863148993_ada8c0e4a349775b1377dd1df595ce76.jpg","masterdata/chap9/27.jpeg","BD3AB312C050351FF64E4E5AD5E791994809116F856512D73E47E46B804EE8A6","added"
"216","13","44","1787762681963_2210334767131197631_g1860709059863148993_194df62d7c4511306f9c5dc38416152b.jpg","masterdata/chap13/44.jpeg","045EF29B088AE53A958633C75B788BA5C79C5D5C285258E8E84B72D16746A20A","added"
"217","13","37","1787762682021_2210334767131197631_g1860709059863148993_cb17682aae1751b154e0b284a5427125.jpg","masterdata/chap13/37.jpeg","3909C39143C8110EA75BA218F1B4D1A0F60CA0E052F6FE98BF9C34A982A78260","added"
"218","13","13","1787762695998_2210334767131197631_g1860709059863148993_677dae33d28c9f7549af4065399a1fb5.jpg","masterdata/chap13/13.jpeg","91A4D2182E02CCD24DE73ADC78797BCE262F41B11F20F470C2E83274706160DC","added"
"219","8","59","1787762837158_2210334767131197631_g1860709059863148993_0668157c1ca30071e32806250f9408db.jpg","masterdata/chap8/59.jpeg","9CD2BE5DC9C68EAD86F5A34A94FA664079C01F8B745C41D864E8AAECBF067874","added"
"220","8","35","1787762837220_2210334767131197631_g1860709059863148993_b4538cfaf46d4ec3514d873b030ee534.jpg","masterdata/chap8/35.jpeg","E67863FFAFAE71D7134B6AFCDE3F2AA9207E3862DCA69ACEE587E966C34F7076","added"
"221","8","47","1787762892202_2210334767131197631_g1860709059863148993_0755fbde705e20c9e9f5a1b50c070ee5.jpg","masterdata/chap8/47.jpeg","102F901F37AD31E9714CFCE478FCB0E68624C5554FE37D65785137E58F3A7599","added"
"222","11","2","1787762956161_2210334767131197631_g1860709059863148993_4a7e85444e7c47e129d57f66185df5f6.jpg","masterdata/chap11/2.jpeg","F19F4EEB4A6D7858D694DCBB31F9507135120A3587D4F389630ED8E1138B637E","added"
"223","11","5","1787762956268_2210334767131197631_g1860709059863148993_56280e000d6e316ae93987958483a404.jpg","masterdata/chap11/5.jpeg","578311360EAB53EF40B9980A74D193906E55051701F54A4BBE94F597DFF415DB","added"
"224","11","7","1787762956419_2210334767131197631_g1860709059863148993_af41697f9880f9472eba08c8e6d4fc38.jpg","masterdata/chap11/7.jpeg","197C3388F30381339CA13EE8A99CDB07076FF51BAD3619894285695A1C3059DC","added"
"225","11","20","1787762956511_2210334767131197631_g1860709059863148993_2a80ba237b8c4c8200e2970bf12de79c.jpg","masterdata/chap11/20.jpeg","7762B6FF41E7975500FE43DDECC48C7ED80AA329DD7AF596B97CA3D14960EDDF","added"
"226","11","23","1787762956653_2210334767131197631_g1860709059863148993_aea924606868bdf0b7351832defef0ec.jpg","masterdata/chap11/23.jpeg","CD53D743A9FEAC1FECA95664F1F84C2AA2579A7A75FBBC03578519466CAE0EDF","added"
"227","11","38","1787762956784_2210334767131197631_g1860709059863148993_f0a97a3e67f4a247a108e58b42338d6d.jpg","masterdata/chap11/38.jpeg","A42EF2679DA0F903FBB80F4B29773C1987CF63D42B55BEC5E1C00DC907E7AABA","added"
"228","11","57","1787762956884_2210334767131197631_g1860709059863148993_51348bfb4e82e39291dd84133ae2bffa.jpg","masterdata/chap11/57.jpeg","9D732DF61B8CAF0FD95227C3D67E233AF997AD1F9106ACB08297F78100DD2EC3","added"
"229","12","42","1787763011933_2210334767131197631_g1860709059863148993_c18d9921184dd4aed40788b5fc4e883a.jpg","masterdata/chap12/42.jpeg","0410814AFA0CC564AD20ECF36D3629C51F7D1AB0C7B74B23A1E84BA273B4A65B","added"
"230","12","43","1787763012064_2210334767131197631_g1860709059863148993_bde81cf4ff613674b6b503cdabad5ec6.jpg","masterdata/chap12/43.jpeg","5B6D96EA4B22FD290850F9E330F566D39E3DD68D625ABCE103F4CE9111C352C4","added"
"231","12","44","1787763012179_2210334767131197631_g1860709059863148993_6a6d68841e13b613ea86dcb059b24419.jpg","masterdata/chap12/44.jpeg","267A2FD1965ED9BDB9873EF3E16E98017271BC3156846B6064852F02670ED384","added"
"232","12","45","1787763012378_2210334767131197631_g1860709059863148993_4152cd0179c1d0bb05855fa6a004e94e.jpg","masterdata/chap12/45.jpeg","DFADFC31A3594D0B691D414FDB5E51C83EF99BA2EC103A49C08440527A61866C","added"
"233","12","46","1787763012539_2210334767131197631_g1860709059863148993_4808d3827c0127c55a3ed4be813b9ad1.jpg","masterdata/chap12/46.jpeg","17F2A0DA03F27A8E3577323814258F1309F04EEBF4AB7BFDC0A51A31B60868FD","added"
"234","12","47","1787763012728_2210334767131197631_g1860709059863148993_9f183218e9db750d3a201d7b658caa63.jpg","masterdata/chap12/47.jpeg","2C5B136763AB0C4A0F432A3B203644917913A253F2ED2CCAC4B10D97B37627C5","added"
"235","12","48","1787763012898_2210334767131197631_g1860709059863148993_3950f1852844c557d298daf81cd9a064.jpg","masterdata/chap12/48.jpeg","3988861A47D5A37406AFDBD214C1120324B3842FA3E30F08DD42BCF3E3B3CB94","added"
"236","12","49","1787763013025_2210334767131197631_g1860709059863148993_aae52fd878e7b0eb8fdaff635085326d.jpg","masterdata/chap12/49.jpeg","3460265F019409A3EF9C65A8FAAC42053D285DCE30ED2C2CA1D1D1F58DAA5EA6","added"
"237","12","50","1787763013103_2210334767131197631_g1860709059863148993_9e030ede288560e3fb670dced4399f2a.jpg","masterdata/chap12/50.jpeg","6C9B2508E4C0A8D335153F04DFEFEE1C896F36E0EA84D31225BC899138559597","added"
"238","12","51","1787763013199_2210334767131197631_g1860709059863148993_10589e99a56d90c5ea9be49fd64ab77d.jpg","masterdata/chap12/51.jpeg","7315D9529FEF1BB30AB3441D823699B691D1732B57EF5CB107B158C26043C95E","added"
"239","12","52","1787763013281_2210334767131197631_g1860709059863148993_345b774ec53bb5530b749c61326fe06d.jpg","masterdata/chap12/52.jpeg","CE79AFD9424295CC8DB312B6BE1F4B33757CD884BFA5459A1752E8D33167F9DA","added"
"240","12","53","1787763013454_2210334767131197631_g1860709059863148993_11c8ac37cf6ec59fb442c36d841754d6.jpg","masterdata/chap12/53.jpeg","58552AE85539A38A886FAEECD6963642DEA4DFB8197B0338086E0370870A2CDE","added"
"241","12","54","1787763013524_2210334767131197631_g1860709059863148993_bbdde9d83aa64e8768103a546c860f61.jpg","masterdata/chap12/54.jpeg","6C837ABB8C11DA9C71C3EFA35D92642AEDA279EFA4D904BFD4BB04CA8A41E67E","added"
"242","12","55","1787763013613_2210334767131197631_g1860709059863148993_ed9c2affe2e0bd2ef12a8d1a3bee574d.jpg","masterdata/chap12/55.jpeg","BFC1B40A73BDD1DF5AF35B8C3E4E49E7FE236B6091CADE148F1147E179AA15CF","added"
"243","12","56","1787763013691_2210334767131197631_g1860709059863148993_f0eb4df2328a8aac412857ba9d6bbb73.jpg","masterdata/chap12/56.jpeg","E0EB2E70A0F25460F03FB2B27951B210D92259F9472C162A6798A0B36109DDF1","added"
"244","12","60","1787763013770_2210334767131197631_g1860709059863148993_66acd5972e62dd422c309fb4b934629f.jpg","masterdata/chap12/60.jpeg","A73C182286ACA2AC399282D7C2959D9785BF6EBB79C283A044B3900DF58EB3B3","added"
"245","5","22","1787763097681_2210334767131197631_g1860709059863148993_ec61d57698b71bbe5a6cecac74850918.jpg","masterdata/chap5/22.jpeg","143747771CB27499C72CE953BD0EAA713E84DFDD46966976E9BBF77879E6B706","added"
"246","4","22","1787763734721_2210334767131197631_g1860709059863148993_49a8a2bb4e603eb2af07f72d37fff330.jpg","masterdata/chap4/22.jpeg","F0D53E0BA0E1CA705C1D4A5AC66579C4CA33D04C6492E0EBDFE866C2051C7D40","added"
"247","4","5","1787763893928_2210334767131197631_g1860709059863148993_86eb57a3141d65c65e1b8358e7c674c7.jpg","masterdata/chap4/5.jpeg","F4A9312E1741AD1449EEE521DB42ABF4D9DA1008C86E4096BD1035E74051BB26","added"
